Total Votes,Kamala D. Harris & Tim Walz,%,Donald J. Trump & JD Vance,%,Robert F. Kennedy Jr. & Nicole Shanahan,%,
"991,292","775,699",78.25%,"203,817",20.56%,"11,776",1.19%,
,,,,,,,
Ward 1,,,,,,,
Precinct,Total Voters,Kamala D. Harris & Tim Walz,%,Donald J. Trump & JD Vance,%,Robert F. Kennedy Jr. & Nicole Shanahan,%
1,1125,1009,89.69%,101,8.98%,15,1.33%
2,1105,995,90.05%,100,9.05%,10,0.90%
3,1161,1035,89.15%,114,9.82%,12,1.03%
4,1231,1138,92.45%,86,6.99%,7,0.57%
5,1194,1074,89.95%,107,8.96%,13,1.09%
6,1001,871,87.01%,118,11.79%,12,1.20%
7,1170,1041,88.97%,117,10.00%,12,1.03%
8,1082,936,86.51%,132,12.20%,14,1.29%
9,677,543,80.21%,126,18.61%,8,1.18%
10,1386,1235,89.11%,143,10.32%,8,0.58%
11,1153,1005,87.16%,139,12.06%,9,0.78%
12,594,516,86.87%,67,11.28%,11,1.85%
13,852,754,88.50%,91,10.68%,7,0.82%
14,755,658,87.15%,89,11.79%,8,1.06%
15,1263,1112,88.04%,136,10.77%,15,1.19%
16,1230,1112,90.41%,110,8.94%,8,0.65%
17,765,702,91.76%,56,7.32%,7,0.92%
18,1169,1036,88.62%,122,10.44%,11,0.94%
19,1022,876,85.71%,136,13.31%,10,0.98%
20,1038,909,87.57%,116,11.18%,13,1.25%
21,1109,943,85.03%,150,13.53%,16,1.44%
22,1444,1252,86.70%,172,11.91%,20,1.39%
23,729,622,85.32%,100,13.72%,7,0.96%
24,1367,1180,86.32%,174,12.73%,13,0.95%
25,1319,1119,84.84%,185,14.03%,15,1.14%
26,1255,1010,80.48%,228,18.17%,17,1.35%
Total,"28,196","24,683",87.54%,"3,215",11.40%,298,1.06%
,,,,,,,
Ward 2,,,,,,,
Precinct,Total Voters,Kamala D. Harris & Tim Walz,%,Donald J. Trump & JD Vance,%,Robert F. Kennedy Jr. & Nicole Shanahan,%
1,1285,952,74.09%,315,24.51%,18,1.40%
2,1356,1088,80.24%,263,19.40%,5,0.37%
3,1081,883,81.68%,194,17.95%,4,0.37%
4,1131,865,76.48%,251,22.19%,15,1.33%
5,1182,858,72.59%,313,26.48%,11,0.93%
6,1331,1046,78.59%,276,20.74%,9,0.68%
7,1219,915,75.06%,290,23.79%,14,1.15%
8,894,702,78.52%,186,20.81%,6,0.67%
9,1277,968,75.80%,296,23.18%,13,1.02%
10,719,521,72.46%,190,26.43%,8,1.11%
11,1110,844,76.04%,252,22.70%,14,1.26%
12,1049,782,74.55%,255,24.31%,12,1.14%
13,1411,1041,73.78%,347,24.59%,23,1.63%
14,846,628,74.23%,205,24.23%,13,1.54%
15,1031,782,75.85%,243,23.57%,6,0.58%
16,1095,855,78.08%,229,20.91%,11,1.00%
17,1590,1202,75.60%,380,23.90%,8,0.50%
18,1058,761,71.93%,279,26.37%,18,1.70%
19,616,457,74.19%,152,24.68%,7,1.14%
20,749,549,73.30%,190,25.37%,10,1.34%
21,231,150,64.94%,73,31.60%,8,3.46%
22,944,717,75.95%,217,22.99%,10,1.06%
23,975,771,79.08%,189,19.38%,15,1.54%
24,692,551,79.62%,135,19.51%,6,0.87%
25,1207,970,80.36%,219,18.14%,18,1.49%
Total,"26,079","19,858",76.15%,"5,939",22.77%,282,1.08%
,,,,,,,
Ward 3,,,,,,,
Precinct,Total Voters,Kamala D. Harris & Tim Walz,%,Donald J. Trump & JD Vance,%,Robert F. Kennedy Jr. & Nicole Shanahan,%
1,1007,920,91.36%,78,7.75%,9,0.89%
2,899,836,92.99%,54,6.01%,9,1.00%
3,808,685,84.78%,112,13.86%,11,1.36%
4,756,705,93.25%,46,6.08%,5,0.66%
5,200,163,81.50%,35,17.50%,2,1.00%
6,1053,922,87.56%,120,11.40%,11,1.04%
7,544,482,88.60%,59,10.85%,3,0.55%
8,914,837,91.58%,66,7.22%,11,1.20%
9,648,580,89.51%,68,10.49%,0,0.00%
10,673,561,83.36%,104,15.45%,8,1.19%
11,1170,1085,92.74%,76,6.50%,9,0.77%
12,1007,940,93.35%,53,5.26%,14,1.39%
13,1191,1023,85.89%,160,13.43%,8,0.67%
14,1389,1142,82.22%,230,16.56%,17,1.22%
15,854,787,92.15%,50,5.85%,17,1.99%
16,497,445,89.54%,50,10.06%,2,0.40%
17,289,269,93.08%,18,6.23%,2,0.69%
18,373,326,87.40%,38,10.19%,9,2.41%
19,1363,1130,82.91%,210,15.41%,23,1.69%
20,910,838,92.09%,64,7.03%,8,0.88%
21,1012,891,88.04%,113,11.17%,8,0.79%
22,766,690,90.08%,71,9.27%,5,0.65%
23,509,453,89.00%,46,9.04%,10,1.96%
24,238,218,91.60%,16,6.72%,4,1.68%
25,1284,1038,80.84%,226,17.60%,20,1.56%
26,593,526,88.70%,61,10.29%,6,1.01%
27,1135,920,81.06%,204,17.97%,11,0.97%
Total,"22,082","19,412",87.91%,"2,428",11.00%,242,1.10%
,,,,,,,
Ward 4,,,,,,,
Precinct,Total Voters,Kamala D. Harris & Tim Walz,%,Donald J. Trump & JD Vance,%,Robert F. Kennedy Jr. & Nicole Shanahan,%
1,1234,1154,93.52%,75,6.08%,5,0.41%
2,498,458,91.97%,35,7.03%,5,1.00%
3,774,738,95.35%,31,4.01%,5,0.65%
4,955,898,94.03%,53,5.55%,4,0.42%
5,441,402,91.16%,33,7.48%,6,1.36%
6,664,615,92.62%,44,6.63%,5,0.75%
7,487,453,93.02%,30,6.16%,4,0.82%
8,569,545,95.78%,24,4.22%,0,0.00%
9,816,733,89.83%,66,8.09%,17,2.08%
10,671,626,93.29%,36,5.37%,9,1.34%
11,892,827,92.71%,55,6.17%,10,1.12%
12,571,520,91.07%,45,7.88%,6,1.05%
13,623,573,91.97%,42,6.74%,8,1.28%
14,580,539,92.93%,39,6.72%,2,0.34%
15,525,472,89.90%,49,9.33%,4,0.76%
16,768,694,90.36%,67,8.72%,7,0.91%
17,1114,1015,91.11%,87,7.81%,12,1.08%
18,362,322,88.95%,37,10.22%,3,0.83%
19,623,573,91.97%,43,6.90%,7,1.12%
20,823,763,92.71%,50,6.08%,10,1.22%
21,545,501,91.93%,42,7.71%,2,0.37%
22,275,247,89.82%,26,9.45%,2,0.73%
23,516,444,86.05%,67,12.98%,5,0.97%
24,1016,907,89.27%,97,9.55%,12,1.18%
25,1430,1250,87.41%,171,11.96%,9,0.63%
26,1051,884,84.11%,156,14.84%,11,1.05%
27,1357,1218,89.76%,128,9.43%,11,0.81%
28,1364,1184,86.80%,173,12.68%,7,0.51%
Total,"21,544","19,555",90.77%,"1,801",8.36%,188,0.87%
,,,,,,,
Ward 5,,,,,,,
Precinct,Total Voters,Kamala D. Harris & Tim Walz,%,Donald J. Trump & JD Vance,%,Robert F. Kennedy Jr. & Nicole Shanahan,%
1,891,799,89.67%,82,9.20%,10,1.12%
2,1064,985,92.58%,66,6.20%,13,1.22%
3,991,927,93.54%,51,5.15%,13,1.31%
4,895,799,89.27%,85,9.50%,11,1.23%
5,309,292,94.50%,14,4.53%,3,0.97%
6,371,342,92.18%,23,6.20%,6,1.62%
7,248,222,89.52%,22,8.87%,4,1.61%
8,336,299,88.99%,28,8.33%,9,2.68%
9,266,241,90.60%,21,7.89%,4,1.50%
10,471,432,91.72%,34,7.22%,5,1.06%
11,689,622,90.28%,58,8.42%,9,1.31%
12,940,893,95.00%,45,4.79%,2,0.21%
13,421,386,91.69%,30,7.13%,5,1.19%
14,485,445,91.75%,32,6.60%,8,1.65%
15,1469,1376,93.67%,81,5.51%,12,0.82%
16,894,831,92.95%,60,6.71%,3,0.34%
17,597,542,90.79%,48,8.04%,7,1.17%
18,1363,1231,90.32%,109,8.00%,23,1.69%
19,535,507,94.77%,26,4.86%,2,0.37%
20,930,883,94.95%,42,4.52%,5,0.54%
21,882,809,91.72%,67,7.60%,6,0.68%
22,1020,943,92.45%,70,6.86%,7,0.69%
23,505,458,90.69%,43,8.51%,4,0.79%
24,901,774,85.90%,121,13.43%,6,0.67%
25,1428,1343,94.05%,79,5.53%,6,0.42%
Total,"18,901","17,381",91.96%,"1,337",7.07%,183,0.97%
,,,,,,,
Ward 6,,,,,,,
Precinct,Total Voters,Kamala D. Harris & Tim Walz,%,Donald J. Trump & JD Vance,%,Robert F. Kennedy Jr. & Nicole Shanahan,%
1,337,288,85.46%,45,13.35%,4,1.19%
2,408,364,89.22%,38,9.31%,6,1.47%
3,125,111,88.80%,11,8.80%,3,2.40%
4,313,282,90.10%,28,8.95%,3,0.96%
5,501,425,84.83%,61,12.18%,15,2.99%
6,478,423,88.49%,49,10.25%,6,1.26%
7,587,536,91.31%,44,7.50%,7,1.19%
8,432,383,88.66%,45,10.42%,4,0.93%
9,796,736,92.46%,52,6.53%,8,1.01%
10,540,485,89.81%,46,8.52%,9,1.67%
11,228,198,86.84%,25,10.96%,5,2.19%
12,600,537,89.50%,57,9.50%,6,1.00%
13,687,643,93.60%,42,6.11%,2,0.29%
14,719,657,91.38%,56,7.79%,6,0.83%
15,800,720,90.00%,68,8.50%,12,1.50%
16,430,395,91.86%,31,7.21%,4,0.93%
17,867,800,92.27%,60,6.92%,7,0.81%
18,883,823,93.20%,47,5.32%,13,1.47%
19,677,619,91.43%,50,7.39%,8,1.18%
20,992,910,91.73%,72,7.26%,10,1.01%
21,743,691,93.00%,45,6.06%,7,0.94%
22,1066,978,91.74%,72,6.75%,16,1.50%
23,921,862,93.59%,52,5.65%,7,0.76%
24,862,793,92.00%,60,6.96%,9,1.04%
25,624,588,94.23%,31,4.97%,5,0.80%
26,1062,986,92.84%,62,5.84%,14,1.32%
27,1014,944,93.10%,60,5.92%,10,0.99%
Total,"17,692","16,177",91.44%,"1,309",7.40%,206,1.16%
,,,,,,,
Ward 7,,,,,,,
Precinct,Total Voters,Kamala D. Harris & Tim Walz,%,Donald J. Trump & JD Vance,%,Robert F. Kennedy Jr. & Nicole Shanahan,%
1,888,794,89.41%,82,9.23%,12,1.35%
2,956,891,93.20%,58,6.07%,7,0.73%
3,604,541,89.57%,54,8.94%,9,1.49%
4,753,664,88.18%,82,10.89%,7,0.93%
5,832,754,90.63%,65,7.81%,13,1.56%
6,244,213,87.30%,30,12.30%,1,0.41%
7,679,593,87.33%,73,10.75%,13,1.91%
8,353,319,90.37%,31,8.78%,3,0.85%
9,616,533,86.53%,72,11.69%,11,1.79%
10,770,728,94.55%,35,4.55%,7,0.91%
11,691,654,94.65%,35,5.07%,2,0.29%
12,835,779,93.29%,42,5.03%,14,1.68%
13,652,560,85.89%,88,13.50%,4,0.61%
14,581,506,87.09%,62,10.67%,13,2.24%
15,781,707,90.52%,62,7.94%,12,1.54%
16,304,274,90.13%,30,9.87%,0,0.00%
17,259,223,86.10%,34,13.13%,2,0.77%
18,149,141,94.63%,7,4.70%,1,0.67%
19,894,840,93.96%,44,4.92%,10,1.12%
20,485,452,93.20%,27,5.57%,6,1.24%
21,412,386,93.69%,20,4.85%,6,1.46%
22,477,448,93.92%,23,4.82%,6,1.26%
23,333,302,90.69%,28,8.41%,3,0.90%
24,134,114,85.07%,18,13.43%,2,1.49%
25,534,486,91.01%,40,7.49%,8,1.50%
26,758,694,91.56%,56,7.39%,8,1.06%
27,494,459,92.91%,31,6.28%,4,0.81%
28,297,277,93.27%,18,6.06%,2,0.67%
29,448,419,93.53%,24,5.36%,5,1.12%
30,414,391,94.44%,18,4.35%,5,1.21%
31,182,165,90.66%,12,6.59%,5,2.75%
Total,"16,809","15,307",91.06%,"1,301",7.74%,201,1.20%
,,,,,,,
Ward 8,,,,,,,
Precinct,Total Voters,Kamala D. Harris & Tim Walz,%,Donald J. Trump & JD Vance,%,Robert F. Kennedy Jr. & Nicole Shanahan,%
1,924,812,87.88%,85,9.20%,27,2.92%
2,416,377,90.63%,32,7.69%,7,1.68%
3,340,321,94.41%,14,4.12%,5,1.47%
4,837,777,92.83%,45,5.38%,15,1.79%
5,520,483,92.88%,29,5.58%,8,1.54%
6,874,806,92.22%,57,6.52%,11,1.26%
7,542,500,92.25%,35,6.46%,7,1.29%
8,999,945,94.59%,45,4.50%,9,0.90%
9,741,671,90.55%,57,7.69%,13,1.75%
10,924,820,88.74%,88,9.52%,16,1.73%
11,709,652,91.96%,46,6.49%,11,1.55%
12,691,650,94.07%,38,5.50%,3,0.43%
13,673,633,94.06%,32,4.75%,8,1.19%
14,833,759,91.12%,59,7.08%,15,1.80%
15,575,526,91.48%,43,7.48%,6,1.04%
16,582,541,92.96%,37,6.36%,4,0.69%
17,900,843,93.67%,47,5.22%,10,1.11%
18,1200,1140,95.00%,50,4.17%,10,0.83%
19,1010,925,91.58%,71,7.03%,14,1.39%
20,491,454,92.46%,30,6.11%,7,1.43%
21,501,456,91.02%,40,7.98%,5,1.00%
22,418,389,93.06%,22,5.26%,7,1.67%
23,1033,963,93.22%,58,5.61%,12,1.16%
24,638,603,94.51%,23,3.61%,12,1.88%
25,323,295,91.33%,24,7.43%,4,1.24%
26,554,500,90.25%,43,7.76%,11,1.99%
27,737,682,92.54%,46,6.24%,9,1.22%
28,517,478,92.46%,33,6.38%,6,1.16%
29,626,577,92.17%,46,7.35%,3,0.48%
30,634,592,93.38%,40,6.31%,2,0.32%
Total,"20,762","19,170",92.33%,"1,315",6.33%,277,1.33%
,,,,,,,
Ward 9,,,,,,,
Precinct,Total Voters,Kamala D. Harris & Tim Walz,%,Donald J. Trump & JD Vance,%,Robert F. Kennedy Jr. & Nicole Shanahan,%
1,771,711,92.22%,48,6.23%,12,1.56%
2,700,631,90.14%,60,8.57%,9,1.29%
3,267,236,88.39%,24,8.99%,7,2.62%
4,623,576,92.46%,32,5.14%,15,2.41%
5,612,560,91.50%,46,7.52%,6,0.98%
6,920,848,92.17%,60,6.52%,12,1.30%
7,821,758,92.33%,56,6.82%,7,0.85%
8,747,670,89.69%,65,8.70%,12,1.61%
9,550,482,87.64%,64,11.64%,4,0.73%
10,923,847,91.77%,66,7.15%,10,1.08%
11,375,342,91.20%,30,8.00%,3,0.80%
12,872,811,93.00%,49,5.62%,12,1.38%
13,789,725,91.89%,58,7.35%,6,0.76%
14,511,469,91.78%,32,6.26%,10,1.96%
15,684,628,91.81%,49,7.16%,7,1.02%
16,947,868,91.66%,69,7.29%,10,1.06%
17,301,270,89.70%,27,8.97%,4,1.33%
18,416,372,89.42%,38,9.13%,6,1.44%
19,364,320,87.91%,38,10.44%,6,1.65%
20,651,529,81.26%,114,17.51%,8,1.23%
21,749,683,91.19%,58,7.74%,8,1.07%
22,537,478,89.01%,55,10.24%,4,0.74%
23,430,395,91.86%,30,6.98%,5,1.16%
24,629,586,93.16%,38,6.04%,5,0.79%
25,539,487,90.35%,46,8.53%,6,1.11%
26,719,657,91.38%,48,6.68%,14,1.95%
27,386,357,92.49%,23,5.96%,6,1.55%
28,453,411,90.73%,39,8.61%,3,0.66%
29,958,906,94.57%,39,4.07%,13,1.36%
30,793,726,91.55%,60,7.57%,7,0.88%
Total,"19,037","17,339",91.08%,"1,461",7.67%,237,1.24%
,,,,,,,
Ward 10,,,,,,,
Precinct,Total Voters,Kamala D. Harris & Tim Walz,%,Donald J. Trump & JD Vance,%,Robert F. Kennedy Jr. & Nicole Shanahan,%
1,277,224,80.87%,50,18.05%,3,1.08%
2,336,270,80.36%,63,18.75%,3,0.89%
3,488,383,78.48%,95,19.47%,10,2.05%
4,582,476,81.79%,96,16.49%,10,1.72%
5,226,164,72.57%,59,26.11%,3,1.33%
6,286,229,80.07%,54,18.88%,3,1.05%
7,564,394,69.86%,163,28.90%,7,1.24%
8,556,375,67.45%,173,31.12%,8,1.44%
9,642,493,76.79%,139,21.65%,10,1.56%
10,631,462,73.22%,163,25.83%,6,0.95%
11,232,171,73.71%,56,24.14%,5,2.16%
12,547,391,71.48%,144,26.33%,12,2.19%
13,691,488,70.62%,196,28.36%,7,1.01%
14,923,610,66.09%,300,32.50%,13,1.41%
15,757,480,63.41%,267,35.27%,10,1.32%
16,867,560,64.59%,291,33.56%,16,1.85%
17,674,426,63.20%,238,35.31%,10,1.48%
18,965,563,58.34%,387,40.10%,15,1.55%
19,631,356,56.42%,258,40.89%,17,2.69%
20,379,241,63.59%,134,35.36%,4,1.06%
21,416,237,56.97%,177,42.55%,2,0.48%
22,889,492,55.34%,381,42.86%,16,1.80%
23,554,437,78.88%,109,19.68%,8,1.44%
24,371,325,87.60%,41,11.05%,5,1.35%
25,452,398,88.05%,47,10.40%,7,1.55%
Total,"13,936","9,645",69.21%,"4,081",29.28%,210,1.51%
,,,,,,,
Ward 11,,,,,,,
Precinct,Total Voters,Kamala D. Harris & Tim Walz,%,Donald J. Trump & JD Vance,%,Robert F. Kennedy Jr. & Nicole Shanahan,%
1,387,247,63.82%,140,36.18%,0,0.00%
2,172,103,59.88%,67,38.95%,2,1.16%
3,992,506,51.01%,470,47.38%,16,1.61%
4,639,413,64.63%,219,34.27%,7,1.10%
5,663,371,55.96%,284,42.84%,8,1.21%
6,805,503,62.48%,292,36.27%,10,1.24%
7,597,321,53.77%,268,44.89%,8,1.34%
8,932,439,47.10%,483,51.82%,10,1.07%
9,882,431,48.87%,441,50.00%,10,1.13%
10,187,74,39.57%,111,59.36%,2,1.07%
11,147,61,41.50%,84,57.14%,2,1.36%
12,310,145,46.77%,164,52.90%,1,0.32%
13,703,380,54.05%,319,45.38%,4,0.57%
14,1204,739,61.38%,450,37.38%,15,1.25%
15,863,639,74.04%,205,23.75%,19,2.20%
16,1011,710,70.23%,293,28.98%,8,0.79%
17,608,348,57.24%,244,40.13%,16,2.63%
18,770,457,59.35%,304,39.48%,9,1.17%
19,252,154,61.11%,92,36.51%,6,2.38%
20,674,456,67.66%,210,31.16%,8,1.19%
21,1016,514,50.59%,483,47.54%,19,1.87%
22,807,364,45.11%,434,53.78%,9,1.12%
23,758,403,53.17%,345,45.51%,10,1.32%
Total,"15,379","8,778",57.08%,"6,402",41.63%,199,1.29%
,,,,,,,
Ward 12,,,,,,,
Precinct,Total Voters,Kamala D. Harris & Tim Walz,%,Donald J. Trump & JD Vance,%,Robert F. Kennedy Jr. & Nicole Shanahan,%
1,410,275,67.07%,130,31.71%,5,1.22%
2,386,254,65.80%,122,31.61%,10,2.59%
3,542,369,68.08%,162,29.89%,11,2.03%
4,493,343,69.57%,142,28.80%,8,1.62%
5,560,323,57.68%,229,40.89%,8,1.43%
6,544,337,61.95%,195,35.85%,12,2.21%
7,518,326,62.93%,189,36.49%,3,0.58%
8,466,297,63.73%,159,34.12%,10,2.15%
9,242,162,66.94%,79,32.64%,1,0.41%
10,552,378,68.48%,166,30.07%,8,1.45%
11,462,307,66.45%,146,31.60%,9,1.95%
12,447,265,59.28%,172,38.48%,10,2.24%
13,466,298,63.95%,158,33.91%,10,2.15%
14,470,322,68.51%,140,29.79%,8,1.70%
15,553,360,65.10%,188,34.00%,5,0.90%
16,548,361,65.88%,181,33.03%,6,1.09%
17,482,314,65.15%,156,32.37%,12,2.49%
18,535,353,65.98%,171,31.96%,11,2.06%
19,329,237,72.04%,82,24.92%,10,3.04%
20,518,340,65.64%,166,32.05%,12,2.32%
21,467,324,69.38%,139,29.76%,4,0.86%
22,397,248,62.47%,139,35.01%,10,2.52%
Total,"10,387","6,793",65.40%,"3,411",32.84%,183,1.76%
,,,,,,,
Ward 13,,,,,,,
Precinct,Total Voters,Kamala D. Harris & Tim Walz,%,Donald J. Trump & JD Vance,%,Robert F. Kennedy Jr. & Nicole Shanahan,%
1,423,266,62.88%,153,36.17%,4,0.95%
2,482,298,61.83%,179,37.14%,5,1.04%
3,680,280,41.18%,389,57.21%,11,1.62%
4,587,395,67.29%,185,31.52%,7,1.19%
5,485,246,50.72%,225,46.39%,14,2.89%
6,494,225,45.55%,264,53.44%,5,1.01%
7,441,224,50.79%,212,48.07%,5,1.13%
8,630,360,57.14%,254,40.32%,16,2.54%
9,676,300,44.38%,369,54.59%,7,1.04%
10,660,281,42.58%,367,55.61%,12,1.82%
11,391,188,48.08%,199,50.90%,4,1.02%
12,344,224,65.12%,113,32.85%,7,2.03%
13,423,182,43.03%,235,55.56%,6,1.42%
14,443,240,54.18%,192,43.34%,11,2.48%
15,434,200,46.08%,227,52.30%,7,1.61%
16,517,294,56.87%,217,41.97%,6,1.16%
17,677,445,65.73%,223,32.94%,9,1.33%
18,440,271,61.59%,164,37.27%,5,1.14%
19,395,170,43.04%,216,54.68%,9,2.28%
20,558,252,45.16%,297,53.23%,9,1.61%
21,476,209,43.91%,258,54.20%,9,1.89%
22,649,403,62.10%,239,36.83%,7,1.08%
23,619,238,38.45%,376,60.74%,5,0.81%
24,513,276,53.80%,234,45.61%,3,0.58%
25,483,317,65.63%,160,33.13%,6,1.24%
26,415,253,60.96%,160,38.55%,2,0.48%
27,400,250,62.50%,148,37.00%,2,0.50%
28,431,256,59.40%,167,38.75%,8,1.86%
29,414,285,68.84%,126,30.43%,3,0.72%
30,567,231,40.74%,324,57.14%,12,2.12%
31,412,179,43.45%,229,55.58%,4,0.97%
32,396,213,53.79%,173,43.69%,10,2.53%
33,457,232,50.77%,216,47.26%,9,1.97%
34,592,263,44.43%,321,54.22%,8,1.35%
35,691,336,48.63%,346,50.07%,9,1.30%
36,318,195,61.32%,118,37.11%,5,1.57%
37,592,222,37.50%,365,61.66%,5,0.84%
38,362,204,56.35%,154,42.54%,4,1.10%
39,582,250,42.96%,327,56.19%,5,0.86%
40,523,258,49.33%,262,50.10%,3,0.57%
Total,"20,072","10,411",51.87%,"9,383",46.75%,278,1.39%
,,,,,,,
Ward 14,,,,,,,
Precinct,Total Voters,Kamala D. Harris & Tim Walz,%,Donald J. Trump & JD Vance,%,Robert F. Kennedy Jr. & Nicole Shanahan,%
1,799,556,69.59%,228,28.54%,15,1.88%
2,523,330,63.10%,186,35.56%,7,1.34%
3,449,292,65.03%,153,34.08%,4,0.89%
4,183,136,74.32%,44,24.04%,3,1.64%
5,641,440,68.64%,192,29.95%,9,1.40%
6,859,605,70.43%,238,27.71%,16,1.86%
7,777,460,59.20%,305,39.25%,12,1.54%
8,809,513,63.41%,282,34.86%,14,1.73%
9,839,592,70.56%,240,28.61%,7,0.83%
10,789,528,66.92%,252,31.94%,9,1.14%
11,838,553,65.99%,271,32.34%,14,1.67%
12,568,381,67.08%,182,32.04%,5,0.88%
13,831,540,64.98%,280,33.69%,11,1.32%
14,481,330,68.61%,143,29.73%,8,1.66%
15,449,323,71.94%,122,27.17%,4,0.89%
Total,"9,835","6,579",66.89%,"3,118",31.70%,138,1.40%
,,,,,,,
Ward 15,,,,,,,
Precinct,Total Voters,Kamala D. Harris & Tim Walz,%,Donald J. Trump & JD Vance,%,Robert F. Kennedy Jr. & Nicole Shanahan,%
1,508,180,35.43%,319,62.80%,9,1.77%
2,612,233,38.07%,366,59.80%,13,2.12%
3,266,141,53.01%,122,45.86%,3,1.13%
4,435,272,62.53%,158,36.32%,5,1.15%
5,444,292,65.77%,145,32.66%,7,1.58%
6,533,368,69.04%,158,29.64%,7,1.31%
7,385,255,66.23%,127,32.99%,3,0.78%
8,400,297,74.25%,88,22.00%,15,3.75%
9,513,345,67.25%,152,29.63%,16,3.12%
10,413,314,76.03%,88,21.31%,11,2.66%
11,405,287,70.86%,113,27.90%,5,1.23%
12,540,362,67.04%,166,30.74%,12,2.22%
13,434,332,76.50%,93,21.43%,9,2.07%
14,378,288,76.19%,89,23.54%,1,0.26%
15,457,341,74.62%,107,23.41%,9,1.97%
16,612,510,83.33%,96,15.69%,6,0.98%
17,592,530,89.53%,53,8.95%,9,1.52%
18,476,404,84.87%,69,14.50%,3,0.63%
19,294,246,83.67%,45,15.31%,3,1.02%
20,473,315,66.60%,153,32.35%,5,1.06%
Total,"9,170","6,312",68.83%,"2,707",29.52%,151,1.65%
,,,,,,,
Ward 16,,,,,,,
Precinct,Total Voters,Kamala D. Harris & Tim Walz,%,Donald J. Trump & JD Vance,%,Robert F. Kennedy Jr. & Nicole Shanahan,%
1,506,432,85.38%,69,13.64%,5,0.99%
2,340,276,81.18%,55,16.18%,9,2.65%
3,393,343,87.28%,43,10.94%,7,1.78%
4,277,249,89.89%,24,8.66%,4,1.44%
5,585,504,86.15%,76,12.99%,5,0.85%
6,550,500,90.91%,43,7.82%,7,1.27%
7,344,293,85.17%,47,13.66%,4,1.16%
8,247,204,82.59%,41,16.60%,2,0.81%
9,514,463,90.08%,41,7.98%,10,1.95%
10,417,374,89.69%,33,7.91%,10,2.40%
11,391,344,87.98%,43,11.00%,4,1.02%
12,205,167,81.46%,34,16.59%,4,1.95%
13,233,211,90.56%,18,7.73%,4,1.72%
14,592,507,85.64%,81,13.68%,4,0.68%
15,501,441,88.02%,53,10.58%,7,1.40%
16,386,339,87.82%,42,10.88%,5,1.30%
17,733,602,82.13%,120,16.37%,11,1.50%
18,595,503,84.54%,82,13.78%,10,1.68%
19,524,399,76.15%,116,22.14%,9,1.72%
20,461,414,89.80%,39,8.46%,8,1.74%
21,362,318,87.85%,40,11.05%,4,1.10%
22,511,415,81.21%,87,17.03%,9,1.76%
23,436,341,78.21%,89,20.41%,6,1.38%
24,406,362,89.16%,38,9.36%,6,1.48%
25,195,158,81.03%,33,16.92%,4,2.05%
Total,"10,704","9,159",85.57%,"1,387",12.96%,158,1.48%
,,,,,,,
Ward 17,,,,,,,
Precinct,Total Voters,Kamala D. Harris & Tim Walz,%,Donald J. Trump & JD Vance,%,Robert F. Kennedy Jr. & Nicole Shanahan,%
1,765,553,72.29%,203,26.54%,9,1.18%
2,397,328,82.62%,60,15.11%,9,2.27%
3,462,397,85.93%,53,11.47%,12,2.60%
4,469,423,90.19%,42,8.96%,4,0.85%
5,283,258,91.17%,24,8.48%,1,0.35%
6,469,407,86.78%,53,11.30%,9,1.92%
7,259,231,89.19%,24,9.27%,4,1.54%
8,308,280,90.91%,23,7.47%,5,1.62%
9,363,331,91.18%,29,7.99%,3,0.83%
10,717,651,90.79%,56,7.81%,10,1.39%
11,398,353,88.69%,40,10.05%,5,1.26%
12,236,207,87.71%,27,11.44%,2,0.85%
13,303,267,88.12%,32,10.56%,4,1.32%
14,314,277,88.22%,31,9.87%,6,1.91%
15,828,753,90.94%,66,7.97%,9,1.09%
16,323,292,90.40%,30,9.29%,1,0.31%
17,361,318,88.09%,39,10.80%,4,1.11%
18,860,811,94.30%,36,4.19%,13,1.51%
19,635,578,91.02%,45,7.09%,12,1.89%
20,627,558,89.00%,58,9.25%,11,1.75%
21,701,649,92.58%,46,6.56%,6,0.86%
22,752,682,90.69%,56,7.45%,14,1.86%
23,454,399,87.89%,47,10.35%,8,1.76%
24,769,702,91.29%,52,6.76%,15,1.95%
25,324,289,89.20%,31,9.57%,4,1.23%
26,619,565,91.28%,42,6.79%,12,1.94%
27,772,715,92.62%,47,6.09%,10,1.30%
28,915,823,89.95%,78,8.52%,14,1.53%
29,804,735,91.42%,60,7.46%,9,1.12%
Total,"15,487","13,832",89.31%,"1,430",9.23%,225,1.45%
,,,,,,,
Ward 18,,,,,,,
Precinct,Total Voters,Kamala D. Harris & Tim Walz,%,Donald J. Trump & JD Vance,%,Robert F. Kennedy Jr. & Nicole Shanahan,%
1,862,804,93.27%,52,6.03%,6,0.70%
2,946,860,90.91%,78,8.25%,8,0.85%
3,406,375,92.36%,28,6.90%,3,0.74%
4,659,604,91.65%,48,7.28%,7,1.06%
5,593,556,93.76%,28,4.72%,9,1.52%
6,979,904,92.34%,58,5.92%,17,1.74%
7,790,723,91.52%,58,7.34%,9,1.14%
8,1190,1063,89.33%,117,9.83%,10,0.84%
9,884,787,89.03%,82,9.28%,15,1.70%
10,1037,937,90.36%,86,8.29%,14,1.35%
11,683,605,88.58%,61,8.93%,17,2.49%
12,910,824,90.55%,76,8.35%,10,1.10%
13,901,721,80.02%,164,18.20%,16,1.78%
14,680,594,87.35%,82,12.06%,4,0.59%
15,499,415,83.17%,76,15.23%,8,1.60%
16,759,626,82.48%,125,16.47%,8,1.05%
17,603,520,86.24%,71,11.77%,12,1.99%
18,850,616,72.47%,226,26.59%,8,0.94%
19,681,530,77.83%,144,21.15%,7,1.03%
20,634,505,79.65%,124,19.56%,5,0.79%
21,775,667,86.06%,93,12.00%,15,1.94%
22,841,532,63.26%,297,35.32%,12,1.43%
23,1018,606,59.53%,403,39.59%,9,0.88%
24,1092,760,69.60%,319,29.21%,13,1.19%
25,657,406,61.80%,242,36.83%,9,1.37%
26,945,642,67.94%,286,30.26%,17,1.80%
Total,"20,874","17,182",82.31%,"3,424",16.40%,268,1.28%
,,,,,,,
Ward 19,,,,,,,
Precinct,Total Voters,Kamala D. Harris & Tim Walz,%,Donald J. Trump & JD Vance,%,Robert F. Kennedy Jr. & Nicole Shanahan,%
1,1136,572,50.35%,552,48.59%,12,1.06%
2,998,832,83.37%,159,15.93%,7,0.70%
3,802,195,24.31%,594,74.06%,13,1.62%
4,774,206,26.61%,562,72.61%,6,0.78%
5,769,599,77.89%,165,21.46%,5,0.65%
6,829,296,35.71%,520,62.73%,13,1.57%
7,1095,538,49.13%,539,49.22%,18,1.64%
8,865,794,91.79%,63,7.28%,8,0.92%
9,699,643,91.99%,45,6.44%,11,1.57%
10,749,583,77.84%,157,20.96%,9,1.20%
11,708,284,40.11%,416,58.76%,8,1.13%
12,1059,346,32.67%,699,66.01%,14,1.32%
13,675,602,89.19%,61,9.04%,12,1.78%
14,927,736,79.40%,183,19.74%,8,0.86%
15,660,195,29.55%,450,68.18%,15,2.27%
16,750,204,27.20%,539,71.87%,7,0.93%
17,708,318,44.92%,387,54.66%,3,0.42%
18,699,181,25.89%,509,72.82%,9,1.29%
19,823,655,79.59%,157,19.08%,11,1.34%
20,615,554,90.08%,56,9.11%,5,0.81%
21,1132,350,30.92%,764,67.49%,18,1.59%
22,761,540,70.96%,202,26.54%,19,2.50%
23,775,387,49.94%,373,48.13%,15,1.94%
24,773,228,29.50%,538,69.60%,7,0.91%
25,658,530,80.55%,117,17.78%,11,1.67%
26,647,450,69.55%,188,29.06%,9,1.39%
27,981,861,87.77%,106,10.81%,14,1.43%
28,1283,1115,86.91%,149,11.61%,19,1.48%
29,961,344,35.80%,603,62.75%,14,1.46%
30,782,223,28.52%,552,70.59%,7,0.90%
31,1093,819,74.93%,262,23.97%,12,1.10%
32,675,564,83.56%,97,14.37%,14,2.07%
33,590,142,24.07%,441,74.75%,7,1.19%
34,1253,608,48.52%,633,50.52%,12,0.96%
35,793,575,72.51%,208,26.23%,10,1.26%
36,656,470,71.65%,177,26.98%,9,1.37%
Total,"30,153","17,539",58.17%,"12,223",40.54%,391,1.30%
,,,,,,,
Ward 20,,,,,,,
Precinct,Total Voters,Kamala D. Harris & Tim Walz,%,Donald J. Trump & JD Vance,%,Robert F. Kennedy Jr. & Nicole Shanahan,%
1,448,324,72.32%,121,27.01%,3,0.67%
2,258,160,62.02%,93,36.05%,5,1.94%
3,302,234,77.48%,64,21.19%,4,1.32%
4,191,159,83.25%,29,15.18%,3,1.57%
5,466,397,85.19%,66,14.16%,3,0.64%
6,232,206,88.79%,25,10.78%,1,0.43%
7,325,292,89.85%,30,9.23%,3,0.92%
8,386,338,87.56%,44,11.40%,4,1.04%
9,759,676,89.06%,71,9.35%,12,1.58%
10,831,740,89.05%,77,9.27%,14,1.68%
11,587,521,88.76%,54,9.20%,12,2.04%
12,143,125,87.41%,15,10.49%,3,2.10%
13,1069,988,92.42%,75,7.02%,6,0.56%
14,676,628,92.90%,42,6.21%,6,0.89%
15,625,569,91.04%,44,7.04%,12,1.92%
16,648,597,92.13%,45,6.94%,6,0.93%
17,783,730,93.23%,44,5.62%,9,1.15%
18,991,881,88.90%,97,9.79%,13,1.31%
19,507,468,92.31%,34,6.71%,5,0.99%
20,680,637,93.68%,36,5.29%,7,1.03%
21,955,872,91.31%,73,7.64%,10,1.05%
22,869,786,90.45%,78,8.98%,5,0.58%
23,327,294,89.91%,28,8.56%,5,1.53%
Total,"13,058","11,622",89.00%,"1,285",9.84%,151,1.16%
,,,,,,,
Ward 21,,,,,,,
Precinct,Total Voters,Kamala D. Harris & Tim Walz,%,Donald J. Trump & JD Vance,%,Robert F. Kennedy Jr. & Nicole Shanahan,%
1,912,841,92.21%,64,7.02%,7,0.77%
2,305,275,90.16%,24,7.87%,6,1.97%
3,894,816,91.28%,62,6.94%,16,1.79%
4,826,759,91.89%,56,6.78%,11,1.33%
5,825,752,91.15%,69,8.36%,4,0.48%
6,768,680,88.54%,79,10.29%,9,1.17%
7,1003,912,90.93%,81,8.08%,10,1.00%
8,886,818,92.33%,61,6.88%,7,0.79%
9,287,265,92.33%,19,6.62%,3,1.05%
10,905,838,92.60%,64,7.07%,3,0.33%
11,934,866,92.72%,58,6.21%,10,1.07%
12,430,379,88.14%,41,9.53%,10,2.33%
13,747,690,92.37%,45,6.02%,12,1.61%
14,937,877,93.60%,48,5.12%,12,1.28%
15,906,836,92.27%,62,6.84%,8,0.88%
16,893,822,92.05%,60,6.72%,11,1.23%
17,661,603,91.23%,49,7.41%,9,1.36%
18,901,839,93.12%,52,5.77%,10,1.11%
19,802,752,93.77%,42,5.24%,8,1.00%
20,657,592,90.11%,54,8.22%,11,1.67%
21,961,887,92.30%,60,6.24%,14,1.46%
22,1016,942,92.72%,62,6.10%,12,1.18%
23,834,757,90.77%,68,8.15%,9,1.08%
24,737,680,92.27%,51,6.92%,6,0.81%
25,552,505,91.49%,43,7.79%,4,0.72%
26,710,661,93.10%,36,5.07%,13,1.83%
27,944,856,90.68%,75,7.94%,13,1.38%
28,837,781,93.31%,51,6.09%,5,0.60%
29,884,818,92.53%,54,6.11%,12,1.36%
Total,"22,954","21,099",91.92%,"1,590",6.93%,265,1.15%
,,,,,,,
Ward 22,,,,,,,
Precinct,Total Voters,Kamala D. Harris & Tim Walz,%,Donald J. Trump & JD Vance,%,Robert F. Kennedy Jr. & Nicole Shanahan,%
1,323,277,85.76%,44,13.62%,2,0.62%
2,242,199,82.23%,40,16.53%,3,1.24%
3,531,355,66.85%,170,32.02%,6,1.13%
4,329,241,73.25%,83,25.23%,5,1.52%
5,736,532,72.28%,183,24.86%,21,2.85%
6,410,269,65.61%,134,32.68%,7,1.71%
7,470,334,71.06%,130,27.66%,6,1.28%
8,494,351,71.05%,132,26.72%,11,2.23%
9,488,371,76.02%,106,21.72%,11,2.25%
10,565,400,70.80%,163,28.85%,2,0.35%
11,708,495,69.92%,207,29.24%,6,0.85%
12,449,298,66.37%,142,31.63%,9,2.00%
13,531,392,73.82%,130,24.48%,9,1.69%
14,535,348,65.05%,179,33.46%,8,1.50%
15,321,237,73.83%,81,25.23%,3,0.93%
16,543,350,64.46%,187,34.44%,6,1.10%
17,206,182,88.35%,21,10.19%,3,1.46%
18,421,374,88.84%,42,9.98%,5,1.19%
19,782,513,65.60%,256,32.74%,13,1.66%
Total,"9,084","6,518",71.75%,"2,430",26.75%,136,1.50%
,,,,,,,
Ward 23,,,,,,,
Precinct,Total Voters,Kamala D. Harris & Tim Walz,%,Donald J. Trump & JD Vance,%,Robert F. Kennedy Jr. & Nicole Shanahan,%
1,408,159,38.97%,243,59.56%,6,1.47%
2,744,330,44.35%,405,54.44%,9,1.21%
3,466,193,41.42%,268,57.51%,5,1.07%
4,338,122,36.09%,211,62.43%,5,1.48%
5,570,238,41.75%,325,57.02%,7,1.23%
6,343,150,43.73%,188,54.81%,5,1.46%
7,509,221,43.42%,282,55.40%,6,1.18%
8,486,224,46.09%,258,53.09%,4,0.82%
9,705,335,47.52%,362,51.35%,8,1.13%
10,783,395,50.45%,369,47.13%,19,2.43%
11,392,243,61.99%,144,36.73%,5,1.28%
12,552,298,53.99%,248,44.93%,6,1.09%
13,935,529,56.58%,393,42.03%,13,1.39%
14,677,412,60.86%,250,36.93%,15,2.22%
15,728,440,60.44%,276,37.91%,12,1.65%
16,356,234,65.73%,115,32.30%,7,1.97%
17,533,364,68.29%,159,29.83%,10,1.88%
18,453,295,65.12%,149,32.89%,9,1.99%
19,409,260,63.57%,143,34.96%,6,1.47%
20,330,235,71.21%,93,28.18%,2,0.61%
21,332,211,63.55%,116,34.94%,5,1.51%
22,364,229,62.91%,130,35.71%,5,1.37%
23,360,244,67.78%,113,31.39%,3,0.83%
24,361,256,70.91%,95,26.32%,10,2.77%
25,270,174,64.44%,90,33.33%,6,2.22%
26,258,181,70.16%,75,29.07%,2,0.78%
27,342,238,69.59%,99,28.95%,5,1.46%
28,475,332,69.89%,131,27.58%,12,2.53%
29,551,385,69.87%,157,28.49%,9,1.63%
30,413,288,69.73%,120,29.06%,5,1.21%
31,448,292,65.18%,146,32.59%,10,2.23%
32,344,225,65.41%,112,32.56%,7,2.03%
33,726,492,67.77%,224,30.85%,10,1.38%
Total,"15,961","9,224",57.79%,"6,489",40.66%,248,1.55%
,,,,,,,
Ward 24,,,,,,,
Precinct,Total Voters,Kamala D. Harris & Tim Walz,%,Donald J. Trump & JD Vance,%,Robert F. Kennedy Jr. & Nicole Shanahan,%
1,361,324,89.75%,33,9.14%,4,1.11%
2,303,279,92.08%,21,6.93%,3,0.99%
3,612,538,87.91%,66,10.78%,8,1.31%
4,597,515,86.26%,72,12.06%,10,1.68%
5,867,778,89.73%,82,9.46%,7,0.81%
6,572,515,90.03%,44,7.69%,13,2.27%
7,322,289,89.75%,27,8.39%,6,1.86%
8,366,316,86.34%,44,12.02%,6,1.64%
9,719,646,89.85%,62,8.62%,11,1.53%
10,495,449,90.71%,38,7.68%,8,1.62%
11,600,530,88.33%,57,9.50%,13,2.17%
12,922,816,88.50%,94,10.20%,12,1.30%
13,736,660,89.67%,69,9.38%,7,0.95%
14,537,478,89.01%,47,8.75%,12,2.23%
15,410,356,86.83%,50,12.20%,4,0.98%
16,242,210,86.78%,31,12.81%,1,0.41%
17,538,457,84.94%,70,13.01%,11,2.04%
18,709,586,82.65%,117,16.50%,6,0.85%
19,1241,594,47.86%,600,48.35%,47,3.79%
20,570,494,86.67%,64,11.23%,12,2.11%
Total,"11,719","9,830",83.88%,"1,688",14.40%,201,1.72%
,,,,,,,
Ward 25,,,,,,,
Precinct,Total Voters,Kamala D. Harris & Tim Walz,%,Donald J. Trump & JD Vance,%,Robert F. Kennedy Jr. & Nicole Shanahan,%
1,682,492,72.14%,184,26.98%,6,0.88%
2,418,290,69.38%,117,27.99%,11,2.63%
3,539,412,76.44%,118,21.89%,9,1.67%
4,633,459,72.51%,160,25.28%,14,2.21%
5,932,799,85.73%,123,13.20%,10,1.07%
6,799,619,77.47%,172,21.53%,8,1.00%
7,889,674,75.82%,198,22.27%,17,1.91%
8,938,730,77.83%,193,20.58%,15,1.60%
9,899,774,86.10%,112,12.46%,13,1.45%
10,994,830,83.50%,157,15.79%,7,0.70%
11,801,660,82.40%,131,16.35%,10,1.25%
12,702,581,82.76%,107,15.24%,14,1.99%
13,1073,935,87.14%,130,12.12%,8,0.75%
14,1167,1013,86.80%,143,12.25%,11,0.94%
15,805,633,78.63%,163,20.25%,9,1.12%
16,995,823,82.71%,162,16.28%,10,1.01%
17,470,379,80.64%,82,17.45%,9,1.91%
Total,"13,736","11,103",80.83%,"2,452",17.85%,181,1.32%
,,,,,,,
Ward 26,,,,,,,
Precinct,Total Voters,Kamala D. Harris & Tim Walz,%,Donald J. Trump & JD Vance,%,Robert F. Kennedy Jr. & Nicole Shanahan,%
1,458,297,64.85%,155,33.84%,6,1.31%
2,496,401,80.85%,86,17.34%,9,1.81%
3,696,613,88.07%,79,11.35%,4,0.57%
4,660,443,67.12%,210,31.82%,7,1.06%
5,567,462,81.48%,97,17.11%,8,1.41%
6,362,267,73.76%,87,24.03%,8,2.21%
7,627,512,81.66%,106,16.91%,9,1.44%
8,534,421,78.84%,108,20.22%,5,0.94%
9,491,358,72.91%,126,25.66%,7,1.43%
10,413,343,83.05%,61,14.77%,9,2.18%
11,455,370,81.32%,81,17.80%,4,0.88%
12,205,162,79.02%,41,20.00%,2,0.98%
13,313,262,83.71%,46,14.70%,5,1.60%
14,363,253,69.70%,100,27.55%,10,2.75%
15,408,282,69.12%,120,29.41%,6,1.47%
16,676,580,85.80%,89,13.17%,7,1.04%
17,586,494,84.30%,88,15.02%,4,0.68%
18,390,261,66.92%,121,31.03%,8,2.05%
19,676,603,89.20%,66,9.76%,7,1.04%
20,768,696,90.63%,65,8.46%,7,0.91%
21,426,260,61.03%,162,38.03%,4,0.94%
22,442,302,68.33%,131,29.64%,9,2.04%
23,666,532,79.88%,123,18.47%,11,1.65%
24,380,268,70.53%,109,28.68%,3,0.79%
25,669,573,85.65%,84,12.56%,12,1.79%
26,847,727,85.83%,111,13.11%,9,1.06%
27,816,675,82.72%,131,16.05%,10,1.23%
28,734,636,86.65%,89,12.13%,9,1.23%
29,811,641,79.04%,163,20.10%,7,0.86%
30,316,305,96.52%,9,2.85%,2,0.63%
31,470,332,70.64%,129,27.45%,9,1.91%
32,596,508,85.23%,81,13.59%,7,1.17%
Total,"17,317","13,839",79.92%,"3,254",18.79%,224,1.29%
,,,,,,,
Ward 27,,,,,,,
Precinct,Total Voters,Kamala D. Harris & Tim Walz,%,Donald J. Trump & JD Vance,%,Robert F. Kennedy Jr. & Nicole Shanahan,%
1,855,683,79.88%,155,18.13%,17,1.99%
2,1115,888,79.64%,210,18.83%,17,1.52%
3,549,481,87.61%,64,11.66%,4,0.73%
4,828,719,86.84%,97,11.71%,12,1.45%
5,517,445,86.07%,70,13.54%,2,0.39%
6,1101,881,80.02%,208,18.89%,12,1.09%
7,1389,1159,83.44%,221,15.91%,9,0.65%
8,328,267,81.40%,53,16.16%,8,2.44%
9,1125,915,81.33%,194,17.24%,16,1.42%
10,626,545,87.06%,75,11.98%,6,0.96%
11,1052,831,78.99%,206,19.58%,15,1.43%
12,664,538,81.02%,119,17.92%,7,1.05%
13,804,680,84.58%,115,14.30%,9,1.12%
14,599,524,87.48%,63,10.52%,12,2.00%
15,1066,828,77.67%,217,20.36%,21,1.97%
16,1760,1342,76.25%,400,22.73%,18,1.02%
17,485,410,84.54%,70,14.43%,5,1.03%
18,1010,899,89.01%,105,10.40%,6,0.59%
19,292,233,79.79%,53,18.15%,6,2.05%
20,513,461,89.86%,43,8.38%,9,1.75%
21,370,290,78.38%,76,20.54%,4,1.08%
22,594,513,86.36%,70,11.78%,11,1.85%
23,514,468,91.05%,43,8.37%,3,0.58%
24,348,279,80.17%,59,16.95%,10,2.87%
25,682,582,85.34%,89,13.05%,11,1.61%
26,760,668,87.89%,85,11.18%,7,0.92%
27,585,497,84.96%,84,14.36%,4,0.68%
28,893,582,65.17%,288,32.25%,23,2.58%
29,1335,1073,80.37%,240,17.98%,22,1.65%
Total,"22,759","18,681",82.08%,"3,772",16.57%,306,1.34%
,,,,,,,
Ward 28,,,,,,,
Precinct,Total Voters,Kamala D. Harris & Tim Walz,%,Donald J. Trump & JD Vance,%,Robert F. Kennedy Jr. & Nicole Shanahan,%
1,462,408,88.31%,47,10.17%,7,1.52%
2,440,399,90.68%,36,8.18%,5,1.14%
3,121,105,86.78%,12,9.92%,4,3.31%
4,408,355,87.01%,48,11.76%,5,1.23%
5,380,343,90.26%,32,8.42%,5,1.32%
6,608,544,89.47%,52,8.55%,12,1.97%
7,313,265,84.66%,48,15.34%,0,0.00%
8,608,548,90.13%,49,8.06%,11,1.81%
9,370,326,88.11%,41,11.08%,3,0.81%
10,213,174,81.69%,36,16.90%,3,1.41%
11,835,731,87.54%,92,11.02%,12,1.44%
12,1145,952,83.14%,178,15.55%,15,1.31%
13,844,661,78.32%,171,20.26%,12,1.42%
14,747,639,85.54%,98,13.12%,10,1.34%
15,443,391,88.26%,46,10.38%,6,1.35%
16,875,758,86.63%,108,12.34%,9,1.03%
17,602,502,83.39%,91,15.12%,9,1.50%
18,493,440,89.25%,46,9.33%,7,1.42%
19,513,471,91.81%,39,7.60%,3,0.58%
20,454,402,88.55%,45,9.91%,7,1.54%
21,492,438,89.02%,50,10.16%,4,0.81%
22,385,330,85.71%,51,13.25%,4,1.04%
23,497,437,87.93%,56,11.27%,4,0.80%
24,386,346,89.64%,33,8.55%,7,1.81%
25,857,768,89.61%,76,8.87%,13,1.52%
26,252,228,90.48%,22,8.73%,2,0.79%
Total,"13,743","11,961",87.03%,"1,603",11.66%,179,1.30%
,,,,,,,
Ward 29,,,,,,,
Precinct,Total Voters,Kamala D. Harris & Tim Walz,%,Donald J. Trump & JD Vance,%,Robert F. Kennedy Jr. & Nicole Shanahan,%
1,1007,525,52.14%,474,47.07%,8,0.79%
2,864,493,57.06%,362,41.90%,9,1.04%
3,795,507,63.77%,277,34.84%,11,1.38%
4,634,400,63.09%,226,35.65%,8,1.26%
5,601,450,74.88%,147,24.46%,4,0.67%
6,591,494,83.59%,92,15.57%,5,0.85%
7,938,704,75.05%,219,23.35%,15,1.60%
8,1237,1024,82.78%,204,16.49%,9,0.73%
9,581,525,90.36%,46,7.92%,10,1.72%
10,768,666,86.72%,95,12.37%,7,0.91%
11,655,555,84.73%,94,14.35%,6,0.92%
12,837,721,86.14%,105,12.54%,11,1.31%
13,839,746,88.92%,83,9.89%,10,1.19%
14,746,662,88.74%,77,10.32%,7,0.94%
15,777,670,86.23%,99,12.74%,8,1.03%
16,789,714,90.49%,62,7.86%,13,1.65%
17,597,546,91.46%,47,7.87%,4,0.67%
18,813,724,89.05%,74,9.10%,15,1.85%
19,886,815,91.99%,62,7.00%,9,1.02%
20,560,495,88.39%,51,9.11%,14,2.50%
21,687,577,83.99%,99,14.41%,11,1.60%
22,829,758,91.44%,59,7.12%,12,1.45%
23,758,686,90.50%,57,7.52%,15,1.98%
24,604,549,90.89%,49,8.11%,6,0.99%
Total,"18,393","15,006",81.59%,"3,160",17.18%,227,1.23%
,,,,,,,
Ward 30,,,,,,,
Precinct,Total Voters,Kamala D. Harris & Tim Walz,%,Donald J. Trump & JD Vance,%,Robert F. Kennedy Jr. & Nicole Shanahan,%
1,865,532,61.50%,325,37.57%,8,0.92%
2,619,382,61.71%,227,36.67%,10,1.62%
3,668,570,85.33%,89,13.32%,9,1.35%
4,696,451,64.80%,237,34.05%,8,1.15%
5,814,527,64.74%,271,33.29%,16,1.97%
6,624,509,81.57%,108,17.31%,7,1.12%
7,523,361,69.02%,155,29.64%,7,1.34%
8,894,723,80.87%,162,18.12%,9,1.01%
9,874,554,63.39%,305,34.90%,15,1.72%
10,627,429,68.42%,190,30.30%,8,1.28%
11,771,518,67.19%,241,31.26%,12,1.56%
12,925,571,61.73%,342,36.97%,12,1.30%
13,852,534,62.68%,308,36.15%,10,1.17%
14,715,467,65.31%,241,33.71%,7,0.98%
15,918,762,83.01%,152,16.56%,4,0.44%
16,624,382,61.22%,235,37.66%,7,1.12%
17,775,545,70.32%,221,28.52%,9,1.16%
18,753,584,77.56%,165,21.91%,4,0.53%
19,477,343,71.91%,132,27.67%,2,0.42%
20,504,388,76.98%,114,22.62%,2,0.40%
21,947,552,58.29%,377,39.81%,18,1.90%
22,740,618,83.51%,115,15.54%,7,0.95%
23,722,602,83.38%,113,15.65%,7,0.97%
24,741,556,75.03%,180,24.29%,5,0.67%
25,510,354,69.41%,155,30.39%,1,0.20%
26,890,722,81.12%,159,17.87%,9,1.01%
Total,"19,068","13,536",70.99%,"5,319",27.89%,213,1.12%
,,,,,,,
Ward 31,,,,,,,
Precinct,Total Voters,Kamala D. Harris & Tim Walz,%,Donald J. Trump & JD Vance,%,Robert F. Kennedy Jr. & Nicole Shanahan,%
1,625,448,71.68%,166,26.56%,11,1.76%
2,854,681,79.74%,159,18.62%,14,1.64%
3,543,354,65.19%,186,34.25%,3,0.55%
4,593,487,82.12%,101,17.03%,5,0.84%
5,585,418,71.45%,151,25.81%,16,2.74%
6,539,388,71.99%,145,26.90%,6,1.11%
7,591,403,68.19%,176,29.78%,12,2.03%
8,744,508,68.28%,222,29.84%,14,1.88%
9,546,363,66.48%,179,32.78%,4,0.73%
10,798,620,77.69%,172,21.55%,6,0.75%
11,779,526,67.52%,241,30.94%,12,1.54%
12,930,632,67.96%,283,30.43%,15,1.61%
13,590,415,70.34%,169,28.64%,6,1.02%
14,760,518,68.16%,227,29.87%,15,1.97%
15,359,224,62.40%,131,36.49%,4,1.11%
16,524,343,65.46%,179,34.16%,2,0.38%
17,600,410,68.33%,185,30.83%,5,0.83%
18,524,382,72.90%,139,26.53%,3,0.57%
19,642,448,69.78%,185,28.82%,9,1.40%
20,667,437,65.52%,227,34.03%,3,0.45%
21,597,411,68.84%,175,29.31%,11,1.84%
22,285,210,73.68%,71,24.91%,4,1.40%
23,384,258,67.19%,122,31.77%,4,1.04%
Total,"14,059","9,884",70.30%,"3,991",28.39%,184,1.31%
,,,,,,,
Ward 32,,,,,,,
Precinct,Total Voters,Kamala D. Harris & Tim Walz,%,Donald J. Trump & JD Vance,%,Robert F. Kennedy Jr. & Nicole Shanahan,%
1,1507,1305,86.60%,194,12.87%,8,0.53%
2,1417,1215,85.74%,191,13.48%,11,0.78%
3,1001,848,84.72%,142,14.19%,11,1.10%
4,974,828,85.01%,136,13.96%,10,1.03%
5,749,628,83.85%,113,15.09%,8,1.07%
6,476,413,86.76%,58,12.18%,5,1.05%
7,1140,908,79.65%,217,19.04%,15,1.32%
8,740,636,85.95%,98,13.24%,6,0.81%
9,689,545,79.10%,131,19.01%,13,1.89%
10,1448,1195,82.53%,227,15.68%,26,1.80%
11,811,650,80.15%,149,18.37%,12,1.48%
12,509,405,79.57%,98,19.25%,6,1.18%
13,342,270,78.95%,71,20.76%,1,0.29%
14,1472,1245,84.58%,206,13.99%,21,1.43%
15,1426,1147,80.43%,263,18.44%,16,1.12%
16,727,571,78.54%,152,20.91%,4,0.55%
17,1476,1176,79.67%,281,19.04%,19,1.29%
18,685,561,81.90%,117,17.08%,7,1.02%
19,719,591,82.20%,120,16.69%,8,1.11%
20,1311,1031,78.64%,257,19.60%,23,1.75%
21,1323,1155,87.30%,160,12.09%,8,0.60%
22,1272,1121,88.13%,133,10.46%,18,1.42%
23,1047,861,82.23%,173,16.52%,13,1.24%
24,508,418,82.28%,85,16.73%,5,0.98%
25,1014,846,83.43%,158,15.58%,10,0.99%
26,1290,1094,84.81%,169,13.10%,27,2.09%
27,1313,1169,89.03%,133,10.13%,11,0.84%
28,387,343,88.63%,42,10.85%,2,0.52%
29,978,860,87.93%,110,11.25%,8,0.82%
30,1288,1132,87.89%,150,11.65%,6,0.47%
Total,"30,039","25,167",83.78%,"4,534",15.09%,338,1.13%
,,,,,,,
Ward 33,,,,,,,
Precinct,Total Voters,Kamala D. Harris & Tim Walz,%,Donald J. Trump & JD Vance,%,Robert F. Kennedy Jr. & Nicole Shanahan,%
1,1338,1112,83.11%,211,15.77%,15,1.12%
2,1381,1195,86.53%,166,12.02%,20,1.45%
3,1098,904,82.33%,177,16.12%,17,1.55%
4,1404,1128,80.34%,251,17.88%,25,1.78%
5,1136,907,79.84%,214,18.84%,15,1.32%
6,1225,1020,83.27%,195,15.92%,10,0.82%
7,1195,949,79.41%,226,18.91%,20,1.67%
8,793,646,81.46%,142,17.91%,5,0.63%
9,947,706,74.55%,225,23.76%,16,1.69%
10,893,729,81.63%,154,17.25%,10,1.12%
11,772,589,76.30%,169,21.89%,14,1.81%
12,1116,916,82.08%,189,16.94%,11,0.99%
13,1007,787,78.15%,201,19.96%,19,1.89%
14,1183,1024,86.56%,147,12.43%,12,1.01%
15,955,803,84.08%,141,14.76%,11,1.15%
16,1005,915,91.04%,85,8.46%,5,0.50%
17,1093,891,81.52%,183,16.74%,19,1.74%
Total,"18,541","15,221",82.09%,"3,076",16.59%,244,1.32%
,,,,,,,
Ward 34,,,,,,,
Precinct,Total Voters,Kamala D. Harris & Tim Walz,%,Donald J. Trump & JD Vance,%,Robert F. Kennedy Jr. & Nicole Shanahan,%
1,953,761,79.85%,180,18.89%,12,1.26%
2,549,394,71.77%,150,27.32%,5,0.91%
3,1484,1210,81.54%,259,17.45%,15,1.01%
4,694,503,72.48%,177,25.50%,14,2.02%
5,1348,1108,82.20%,229,16.99%,11,0.82%
6,939,778,82.85%,153,16.29%,8,0.85%
7,489,355,72.60%,123,25.15%,11,2.25%
8,774,590,76.23%,175,22.61%,9,1.16%
9,1512,1139,75.33%,362,23.94%,11,0.73%
10,551,425,77.13%,119,21.60%,7,1.27%
11,1048,840,80.15%,199,18.99%,9,0.86%
12,881,674,76.50%,197,22.36%,10,1.14%
13,1295,977,75.44%,311,24.02%,7,0.54%
14,1176,841,71.51%,321,27.30%,14,1.19%
15,968,791,81.71%,167,17.25%,10,1.03%
16,1594,1387,87.01%,191,11.98%,16,1.00%
17,1315,1182,89.89%,123,9.35%,10,0.76%
18,1213,1037,85.49%,163,13.44%,13,1.07%
19,1024,875,85.45%,144,14.06%,5,0.49%
20,1176,996,84.69%,161,13.69%,19,1.62%
Total,"20,983","16,863",80.37%,"3,904",18.61%,216,1.03%
,,,,,,,
Ward 35,,,,,,,
Precinct,Total Voters,Kamala D. Harris & Tim Walz,%,Donald J. Trump & JD Vance,%,Robert F. Kennedy Jr. & Nicole Shanahan,%
1,389,267,68.64%,115,29.56%,7,1.80%
2,835,612,73.29%,215,25.75%,8,0.96%
3,613,514,83.85%,97,15.82%,2,0.33%
4,794,649,81.74%,135,17.00%,10,1.26%
5,1095,929,84.84%,149,13.61%,17,1.55%
6,1661,1480,89.10%,168,10.11%,13,0.78%
7,1135,957,84.32%,166,14.63%,12,1.06%
8,620,538,86.77%,82,13.23%,0,0.00%
9,1265,1141,90.20%,120,9.49%,4,0.32%
10,924,812,87.88%,103,11.15%,9,0.97%
11,1042,908,87.14%,127,12.19%,7,0.67%
12,1372,1235,90.01%,129,9.40%,8,0.58%
13,1009,849,84.14%,150,14.87%,10,0.99%
14,784,684,87.24%,85,10.84%,15,1.91%
15,1150,934,81.22%,208,18.09%,8,0.70%
16,1416,1217,85.95%,185,13.06%,14,0.99%
17,1082,916,84.66%,161,14.88%,5,0.46%
18,694,567,81.70%,116,16.71%,11,1.59%
19,881,697,79.11%,177,20.09%,7,0.79%
20,550,456,82.91%,82,14.91%,12,2.18%
21,891,709,79.57%,170,19.08%,12,1.35%
22,1085,847,78.06%,227,20.92%,11,1.01%
Total,"21,287","17,918",84.17%,"3,167",14.88%,202,0.95%
,,,,,,,
Ward 36,,,,,,,
Precinct,Total Voters,Kamala D. Harris & Tim Walz,%,Donald J. Trump & JD Vance,%,Robert F. Kennedy Jr. & Nicole Shanahan,%
1,548,311,56.75%,233,42.52%,4,0.73%
2,655,390,59.54%,257,39.24%,8,1.22%
3,501,292,58.28%,199,39.72%,10,2.00%
4,636,410,64.47%,222,34.91%,4,0.63%
5,619,409,66.07%,201,32.47%,9,1.45%
6,458,300,65.50%,153,33.41%,5,1.09%
7,427,276,64.64%,144,33.72%,7,1.64%
8,328,207,63.11%,118,35.98%,3,0.91%
9,845,611,72.31%,218,25.80%,16,1.89%
10,787,546,69.38%,227,28.84%,14,1.78%
11,504,334,66.27%,163,32.34%,7,1.39%
12,389,267,68.64%,119,30.59%,3,0.77%
13,219,121,55.25%,94,42.92%,4,1.83%
14,636,462,72.64%,165,25.94%,9,1.42%
15,280,211,75.36%,65,23.21%,4,1.43%
16,218,161,73.85%,56,25.69%,1,0.46%
17,716,630,87.99%,82,11.45%,4,0.56%
18,777,672,86.49%,97,12.48%,8,1.03%
19,1012,887,87.65%,119,11.76%,6,0.59%
20,1020,860,84.31%,151,14.80%,9,0.88%
21,786,612,77.86%,163,20.74%,11,1.40%
22,901,788,87.46%,105,11.65%,8,0.89%
23,887,735,82.86%,133,14.99%,19,2.14%
24,914,792,86.65%,113,12.36%,9,0.98%
25,1001,841,84.02%,149,14.89%,11,1.10%
26,991,860,86.78%,120,12.11%,11,1.11%
27,1048,876,83.59%,153,14.60%,19,1.81%
Total,"18,103","13,861",76.57%,"4,019",22.20%,223,1.23%
,,,,,,,
Ward 37,,,,,,,
Precinct,Total Voters,Kamala D. Harris & Tim Walz,%,Donald J. Trump & JD Vance,%,Robert F. Kennedy Jr. & Nicole Shanahan,%
1,654,540,82.57%,96,14.68%,18,2.75%
2,609,491,80.62%,109,17.90%,9,1.48%
3,598,523,87.46%,67,11.20%,8,1.34%
4,614,540,87.95%,65,10.59%,9,1.47%
5,458,386,84.28%,64,13.97%,8,1.75%
6,806,699,86.72%,98,12.16%,9,1.12%
7,637,514,80.69%,113,17.74%,10,1.57%
8,753,655,86.99%,89,11.82%,9,1.20%
9,350,309,88.29%,33,9.43%,8,2.29%
10,560,459,81.96%,93,16.61%,8,1.43%
11,556,492,88.49%,58,10.43%,6,1.08%
12,782,682,87.21%,91,11.64%,9,1.15%
13,485,405,83.51%,75,15.46%,5,1.03%
14,737,622,84.40%,101,13.70%,14,1.90%
15,678,598,88.20%,68,10.03%,12,1.77%
16,777,650,83.66%,121,15.57%,6,0.77%
17,506,455,89.92%,44,8.70%,7,1.38%
18,626,532,84.98%,86,13.74%,8,1.28%
19,500,413,82.60%,77,15.40%,10,2.00%
20,752,645,85.77%,95,12.63%,12,1.60%
21,541,432,79.85%,104,19.22%,5,0.92%
22,652,493,75.61%,147,22.55%,12,1.84%
Total,"13,631","11,535",84.62%,"1,894",13.89%,202,1.48%
,,,,,,,
Ward 38,,,,,,,
Precinct,Total Voters,Kamala D. Harris & Tim Walz,%,Donald J. Trump & JD Vance,%,Robert F. Kennedy Jr. & Nicole Shanahan,%
1,1190,398,33.45%,780,65.55%,12,1.01%
2,659,264,40.06%,389,59.03%,6,0.91%
3,891,350,39.28%,528,59.26%,13,1.46%
4,761,328,43.10%,424,55.72%,9,1.18%
5,1100,456,41.45%,635,57.73%,9,0.82%
6,714,357,50.00%,350,49.02%,7,0.98%
7,928,451,48.60%,466,50.22%,11,1.19%
8,772,376,48.70%,391,50.65%,5,0.65%
9,798,425,53.26%,368,46.12%,5,0.63%
10,769,375,48.76%,384,49.93%,10,1.30%
11,877,491,55.99%,376,42.87%,10,1.14%
12,1195,590,49.37%,586,49.04%,19,1.59%
13,640,337,52.66%,296,46.25%,7,1.09%
14,772,366,47.41%,395,51.17%,11,1.42%
15,753,375,49.80%,367,48.74%,11,1.46%
16,1108,610,55.05%,489,44.13%,9,0.81%
17,880,537,61.02%,333,37.84%,10,1.14%
18,1153,715,62.01%,416,36.08%,22,1.91%
19,1186,749,63.15%,420,35.41%,17,1.43%
20,1018,641,62.97%,365,35.85%,12,1.18%
21,1205,804,66.72%,380,31.54%,21,1.74%
22,770,522,67.79%,241,31.30%,7,0.91%
23,1082,742,68.58%,322,29.76%,18,1.66%
24,1094,696,63.62%,385,35.19%,13,1.19%
25,1143,887,77.60%,236,20.65%,20,1.75%
Total,"23,458","12,842",54.74%,"10,322",44.00%,294,1.25%
,,,,,,,
Ward 39,,,,,,,
Precinct,Total Voters,Kamala D. Harris & Tim Walz,%,Donald J. Trump & JD Vance,%,Robert F. Kennedy Jr. & Nicole Shanahan,%
1,824,563,68.33%,247,29.98%,14,1.70%
2,523,361,69.02%,159,30.40%,3,0.57%
3,580,456,78.62%,117,20.17%,7,1.21%
4,785,476,60.64%,296,37.71%,13,1.66%
5,601,430,71.55%,163,27.12%,8,1.33%
6,498,362,72.69%,129,25.90%,7,1.41%
7,485,340,70.10%,143,29.48%,2,0.41%
8,515,335,65.05%,169,32.82%,11,2.14%
9,462,311,67.32%,141,30.52%,10,2.16%
10,555,462,83.24%,86,15.50%,7,1.26%
11,501,332,66.27%,161,32.14%,8,1.60%
12,944,597,63.24%,331,35.06%,16,1.69%
13,1063,766,72.06%,291,27.38%,6,0.56%
14,1139,615,53.99%,515,45.22%,9,0.79%
15,893,632,70.77%,247,27.66%,14,1.57%
16,519,403,77.65%,106,20.42%,10,1.93%
17,1247,707,56.70%,524,42.02%,16,1.28%
18,566,313,55.30%,245,43.29%,8,1.41%
19,1195,857,71.72%,322,26.95%,16,1.34%
20,698,396,56.73%,297,42.55%,5,0.72%
21,1024,777,75.88%,224,21.88%,23,2.25%
22,529,295,55.77%,221,41.78%,13,2.46%
23,92,61,66.30%,31,33.70%,0,0.00%
24,628,485,77.23%,131,20.86%,12,1.91%
25,644,467,72.52%,164,25.47%,13,2.02%
26,494,379,76.72%,107,21.66%,8,1.62%
27,568,322,56.69%,237,41.73%,9,1.58%
28,625,418,66.88%,201,32.16%,6,0.96%
29,281,207,73.67%,70,24.91%,4,1.42%
30,352,236,67.05%,111,31.53%,5,1.42%
31,573,340,59.34%,228,39.79%,5,0.87%
32,1177,752,63.89%,405,34.41%,20,1.70%
33,460,299,65.00%,153,33.26%,8,1.74%
34,523,328,62.72%,188,35.95%,7,1.34%
35,985,684,69.44%,293,29.75%,8,0.81%
Total,"23,548","15,764",66.94%,"7,453",31.65%,331,1.41%
,,,,,,,
Ward 40,,,,,,,
Precinct,Total Voters,Kamala D. Harris & Tim Walz,%,Donald J. Trump & JD Vance,%,Robert F. Kennedy Jr. & Nicole Shanahan,%
1,763,619,81.13%,140,18.35%,4,0.52%
2,1002,717,71.56%,263,26.25%,22,2.20%
3,970,770,79.38%,188,19.38%,12,1.24%
4,944,664,70.34%,273,28.92%,7,0.74%
5,792,578,72.98%,201,25.38%,13,1.64%
6,849,607,71.50%,228,26.86%,14,1.65%
7,913,749,82.04%,160,17.52%,4,0.44%
8,606,440,72.61%,157,25.91%,9,1.49%
9,1099,849,77.25%,238,21.66%,12,1.09%
10,1476,1331,90.18%,133,9.01%,12,0.81%
11,1157,720,62.23%,428,36.99%,9,0.78%
12,1078,872,80.89%,199,18.46%,7,0.65%
13,1004,908,90.44%,86,8.57%,10,1.00%
14,1305,1208,92.57%,86,6.59%,11,0.84%
15,919,843,91.73%,68,7.40%,8,0.87%
16,868,803,92.51%,56,6.45%,9,1.04%
17,950,812,85.47%,135,14.21%,3,0.32%
18,1065,923,86.67%,130,12.21%,12,1.13%
19,1031,921,89.33%,105,10.18%,5,0.48%
20,1063,933,87.77%,123,11.57%,7,0.66%
21,982,885,90.12%,88,8.96%,9,0.92%
22,1362,1189,87.30%,162,11.89%,11,0.81%
23,1243,1136,91.39%,99,7.96%,8,0.64%
Total,"23,441","19,477",83.09%,"3,746",15.98%,218,0.93%
,,,,,,,
Ward 41,,,,,,,
Precinct,Total Voters,Kamala D. Harris & Tim Walz,%,Donald J. Trump & JD Vance,%,Robert F. Kennedy Jr. & Nicole Shanahan,%
1,948,333,35.13%,604,63.71%,11,1.16%
2,532,265,49.81%,260,48.87%,7,1.32%
3,732,282,38.52%,437,59.70%,13,1.78%
4,735,253,34.42%,473,64.35%,9,1.22%
5,740,303,40.95%,422,57.03%,15,2.03%
6,795,370,46.54%,415,52.20%,10,1.26%
7,586,293,50.00%,282,48.12%,11,1.88%
8,621,301,48.47%,311,50.08%,9,1.45%
9,1250,657,52.56%,581,46.48%,12,0.96%
10,1016,469,46.16%,535,52.66%,12,1.18%
11,724,388,53.59%,320,44.20%,16,2.21%
12,508,196,38.58%,308,60.63%,4,0.79%
13,1194,636,53.27%,549,45.98%,9,0.75%
14,1258,643,51.11%,602,47.85%,13,1.03%
15,1394,663,47.56%,709,50.86%,22,1.58%
16,521,262,50.29%,251,48.18%,8,1.54%
17,380,179,47.11%,199,52.37%,2,0.53%
18,1134,596,52.56%,521,45.94%,17,1.50%
19,547,315,57.59%,224,40.95%,8,1.46%
20,598,299,50.00%,292,48.83%,7,1.17%
21,527,263,49.91%,257,48.77%,7,1.33%
22,486,259,53.29%,227,46.71%,0,0.00%
23,623,305,48.96%,313,50.24%,5,0.80%
24,1109,519,46.80%,581,52.39%,9,0.81%
25,885,354,40.00%,518,58.53%,13,1.47%
26,1164,640,54.98%,507,43.56%,17,1.46%
27,806,384,47.64%,407,50.50%,15,1.86%
28,1344,714,53.13%,612,45.54%,18,1.34%
29,1358,697,51.33%,641,47.20%,20,1.47%
30,1140,456,40.00%,675,59.21%,9,0.79%
31,1026,408,39.77%,608,59.26%,10,0.97%
Total,"26,681","12,702",47.61%,"13,641",51.13%,338,1.27%
,,,,,,,
Ward 42,,,,,,,
Precinct,Total Voters,Kamala D. Harris & Tim Walz,%,Donald J. Trump & JD Vance,%,Robert F. Kennedy Jr. & Nicole Shanahan,%
1,493,344,69.78%,147,29.82%,2,0.41%
2,440,353,80.23%,84,19.09%,3,0.68%
3,1480,1121,75.74%,345,23.31%,14,0.95%
4,1080,821,76.02%,248,22.96%,11,1.02%
5,1337,1017,76.07%,303,22.66%,17,1.27%
6,521,386,74.09%,131,25.14%,4,0.77%
7,1002,746,74.45%,249,24.85%,7,0.70%
8,751,583,77.63%,161,21.44%,7,0.93%
9,1059,745,70.35%,305,28.80%,9,0.85%
10,827,542,65.54%,273,33.01%,12,1.45%
11,1137,918,80.74%,209,18.38%,10,0.88%
12,797,553,69.39%,236,29.61%,8,1.00%
13,463,348,75.16%,110,23.76%,5,1.08%
14,356,290,81.46%,61,17.13%,5,1.40%
15,516,325,62.98%,185,35.85%,6,1.16%
16,1381,990,71.69%,374,27.08%,17,1.23%
17,1527,1102,72.17%,411,26.92%,14,0.92%
18,932,681,73.07%,244,26.18%,7,0.75%
19,1272,948,74.53%,308,24.21%,16,1.26%
20,1312,961,73.25%,342,26.07%,9,0.69%
21,1457,1094,75.09%,345,23.68%,18,1.24%
22,1654,1211,73.22%,433,26.18%,10,0.60%
23,1267,960,75.77%,294,23.20%,13,1.03%
24,1317,1027,77.98%,283,21.49%,7,0.53%
Total,"24,378","18,066",74.11%,"6,081",24.94%,231,0.95%
,,,,,,,
Ward 43,,,,,,,
Precinct,Total Voters,Kamala D. Harris & Tim Walz,%,Donald J. Trump & JD Vance,%,Robert F. Kennedy Jr. & Nicole Shanahan,%
1,1134,856,75.49%,269,23.72%,9,0.79%
2,1483,1125,75.86%,348,23.47%,10,0.67%
3,441,339,76.87%,98,22.22%,4,0.91%
4,1075,869,80.84%,195,18.14%,11,1.02%
5,1370,1138,83.07%,216,15.77%,16,1.17%
6,1661,1353,81.46%,298,17.94%,10,0.60%
7,1562,1302,83.35%,234,14.98%,26,1.66%
8,1478,1192,80.65%,269,18.20%,17,1.15%
9,1767,1469,83.14%,281,15.90%,17,0.96%
10,1138,893,78.47%,229,20.12%,16,1.41%
11,745,574,77.05%,162,21.74%,9,1.21%
12,1481,1109,74.88%,353,23.84%,19,1.28%
13,1017,815,80.14%,193,18.98%,9,0.88%
14,652,524,80.37%,118,18.10%,10,1.53%
15,1373,1133,82.52%,224,16.31%,16,1.17%
16,633,512,80.88%,117,18.48%,4,0.63%
17,1453,1172,80.66%,270,18.58%,11,0.76%
18,1675,1336,79.76%,319,19.04%,20,1.19%
19,1534,1194,77.84%,323,21.06%,17,1.11%
20,1266,1017,80.33%,229,18.09%,20,1.58%
21,676,558,82.54%,112,16.57%,6,0.89%
22,1692,1326,78.37%,341,20.15%,25,1.48%
23,1046,823,78.68%,208,19.89%,15,1.43%
Total,"28,352","22,629",79.81%,"5,406",19.07%,317,1.12%
,,,,,,,
Ward 44,,,,,,,
Precinct,Total Voters,Kamala D. Harris & Tim Walz,%,Donald J. Trump & JD Vance,%,Robert F. Kennedy Jr. & Nicole Shanahan,%
1,1452,1281,88.22%,161,11.09%,10,0.69%
2,1109,935,84.31%,158,14.25%,16,1.44%
3,1211,1023,84.48%,176,14.53%,12,0.99%
4,1626,1375,84.56%,241,14.82%,10,0.62%
5,1269,1187,93.54%,76,5.99%,6,0.47%
6,1268,1110,87.54%,147,11.59%,11,0.87%
7,1360,1179,86.69%,169,12.43%,12,0.88%
8,1377,1237,89.83%,126,9.15%,14,1.02%
9,1693,1387,81.93%,290,17.13%,16,0.95%
10,1669,1407,84.30%,238,14.26%,24,1.44%
11,1252,1062,84.82%,177,14.14%,13,1.04%
12,1514,1325,87.52%,179,11.82%,10,0.66%
13,1542,1354,87.81%,177,11.48%,11,0.71%
14,1608,1386,86.19%,205,12.75%,17,1.06%
15,1622,1423,87.73%,192,11.84%,7,0.43%
16,1547,1329,85.91%,203,13.12%,15,0.97%
17,1751,1552,88.64%,182,10.39%,17,0.97%
18,1182,1053,89.09%,120,10.15%,9,0.76%
19,1623,1378,84.90%,222,13.68%,23,1.42%
20,1025,922,89.95%,94,9.17%,9,0.88%
21,1715,1532,89.33%,173,10.09%,10,0.58%
Total,"30,415","26,437",86.92%,"3,706",12.18%,272,0.89%
,,,,,,,
Ward 45,,,,,,,
Precinct,Total Voters,Kamala D. Harris & Tim Walz,%,Donald J. Trump & JD Vance,%,Robert F. Kennedy Jr. & Nicole Shanahan,%
1,1375,740,53.82%,613,44.58%,22,1.60%
2,702,423,60.26%,264,37.61%,15,2.14%
3,431,231,53.60%,195,45.24%,5,1.16%
4,493,317,64.30%,166,33.67%,10,2.03%
5,784,524,66.84%,252,32.14%,8,1.02%
6,853,480,56.27%,359,42.09%,14,1.64%
7,907,528,58.21%,352,38.81%,27,2.98%
8,797,449,56.34%,333,41.78%,15,1.88%
9,922,536,58.13%,373,40.46%,13,1.41%
10,823,460,55.89%,347,42.16%,16,1.94%
11,1098,570,51.91%,509,46.36%,19,1.73%
12,779,477,61.23%,294,37.74%,8,1.03%
13,968,672,69.42%,284,29.34%,12,1.24%
14,650,399,61.38%,240,36.92%,11,1.69%
15,740,522,70.54%,212,28.65%,6,0.81%
16,859,595,69.27%,249,28.99%,15,1.75%
17,1043,602,57.72%,427,40.94%,14,1.34%
18,1048,621,59.26%,412,39.31%,15,1.43%
19,750,499,66.53%,243,32.40%,8,1.07%
20,909,615,67.66%,277,30.47%,17,1.87%
21,861,511,59.35%,339,39.37%,11,1.28%
22,802,608,75.81%,184,22.94%,10,1.25%
23,906,619,68.32%,274,30.24%,13,1.43%
24,835,562,67.31%,262,31.38%,11,1.32%
25,1084,755,69.65%,309,28.51%,20,1.85%
26,899,623,69.30%,261,29.03%,15,1.67%
27,950,755,79.47%,186,19.58%,9,0.95%
28,1036,761,73.46%,259,25.00%,16,1.54%
29,889,724,81.44%,154,17.32%,11,1.24%
Total,"25,193","16,178",64.22%,"8,629",34.25%,386,1.53%
,,,,,,,
Ward 46,,,,,,,
Precinct,Total Voters,Kamala D. Harris & Tim Walz,%,Donald J. Trump & JD Vance,%,Robert F. Kennedy Jr. & Nicole Shanahan,%
1,1036,850,82.05%,181,17.47%,5,0.48%
2,1118,1017,90.97%,96,8.59%,5,0.45%
3,1223,1080,88.31%,134,10.96%,9,0.74%
4,1408,1203,85.44%,189,13.42%,16,1.14%
5,1116,939,84.14%,171,15.32%,6,0.54%
6,1718,1507,87.72%,202,11.76%,9,0.52%
7,1139,1025,89.99%,104,9.13%,10,0.88%
8,1375,1223,88.95%,140,10.18%,12,0.87%
9,1401,1213,86.58%,174,12.42%,14,1.00%
10,1145,1056,92.23%,82,7.16%,7,0.61%
11,1352,1167,86.32%,174,12.87%,11,0.81%
12,1590,1427,89.75%,156,9.81%,7,0.44%
13,1419,1297,91.40%,107,7.54%,15,1.06%
14,832,751,90.26%,77,9.25%,4,0.48%
15,1572,1345,85.56%,213,13.55%,14,0.89%
16,1352,1213,89.72%,133,9.84%,6,0.44%
17,1366,1261,92.31%,98,7.17%,7,0.51%
18,1283,1173,91.43%,95,7.40%,15,1.17%
19,1235,1116,90.36%,110,8.91%,9,0.73%
20,1052,858,81.56%,185,17.59%,9,0.86%
21,726,619,85.26%,97,13.36%,10,1.38%
22,1060,925,87.26%,126,11.89%,9,0.85%
23,843,729,86.48%,108,12.81%,6,0.71%
Total,"28,361","24,994",88.13%,"3,152",11.11%,215,0.76%
,,,,,,,
Ward 47,,,,,,,
Precinct,Total Voters,Kamala D. Harris & Tim Walz,%,Donald J. Trump & JD Vance,%,Robert F. Kennedy Jr. & Nicole Shanahan,%
1,1004,913,90.94%,85,8.47%,6,0.60%
2,1055,975,92.42%,77,7.30%,3,0.28%
3,960,885,92.19%,65,6.77%,10,1.04%
4,1174,1086,92.50%,77,6.56%,11,0.94%
5,1341,1253,93.44%,80,5.97%,8,0.60%
6,1239,1163,93.87%,70,5.65%,6,0.48%
7,1632,1501,91.97%,121,7.41%,10,0.61%
8,1115,999,89.60%,104,9.33%,12,1.08%
9,1374,1226,89.23%,140,10.19%,8,0.58%
10,1260,1148,91.11%,102,8.10%,10,0.79%
11,1083,971,89.66%,101,9.33%,11,1.02%
12,817,739,90.45%,74,9.06%,4,0.49%
13,850,751,88.35%,93,10.94%,6,0.71%
14,1093,916,83.81%,169,15.46%,8,0.73%
15,1095,945,86.30%,140,12.79%,10,0.91%
16,1112,976,87.77%,120,10.79%,16,1.44%
17,994,881,88.63%,102,10.26%,11,1.11%
18,1194,1090,91.29%,98,8.21%,6,0.50%
19,1252,1142,91.21%,103,8.23%,7,0.56%
20,1116,968,86.74%,138,12.37%,10,0.90%
21,1235,1084,87.77%,137,11.09%,14,1.13%
22,1129,985,87.25%,135,11.96%,9,0.80%
23,1267,1120,88.40%,145,11.44%,2,0.16%
24,1418,1232,86.88%,172,12.13%,14,0.99%
25,1020,891,87.35%,118,11.57%,11,1.08%
26,1304,1111,85.20%,174,13.34%,19,1.46%
27,1249,1061,84.95%,174,13.93%,14,1.12%
28,961,793,82.52%,157,16.34%,11,1.14%
Total,"32,343","28,805",89.06%,"3,271",10.11%,267,0.83%
,,,,,,,
Ward 48,,,,,,,
Precinct,Total Voters,Kamala D. Harris & Tim Walz,%,Donald J. Trump & JD Vance,%,Robert F. Kennedy Jr. & Nicole Shanahan,%
1,1131,1062,93.90%,63,5.57%,6,0.53%
2,416,344,82.69%,71,17.07%,1,0.24%
3,710,602,84.79%,106,14.93%,2,0.28%
4,778,718,92.29%,53,6.81%,7,0.90%
5,385,354,91.95%,30,7.79%,1,0.26%
6,985,878,89.14%,99,10.05%,8,0.81%
7,909,846,93.07%,55,6.05%,8,0.88%
8,626,541,86.42%,84,13.42%,1,0.16%
9,461,353,76.57%,106,22.99%,2,0.43%
10,1034,984,95.16%,46,4.45%,4,0.39%
11,703,661,94.03%,39,5.55%,3,0.43%
12,1072,895,83.49%,171,15.95%,6,0.56%
13,843,681,80.78%,149,17.67%,13,1.54%
14,971,853,87.85%,108,11.12%,10,1.03%
15,722,622,86.15%,95,13.16%,5,0.69%
16,595,524,88.07%,65,10.92%,6,1.01%
17,303,242,79.87%,60,19.80%,1,0.33%
18,1037,884,85.25%,141,13.60%,12,1.16%
19,520,454,87.31%,57,10.96%,9,1.73%
20,349,303,86.82%,44,12.61%,2,0.57%
21,1022,861,84.25%,146,14.29%,15,1.47%
22,498,411,82.53%,85,17.07%,2,0.40%
23,701,623,88.87%,70,9.99%,8,1.14%
24,1334,1025,76.84%,284,21.29%,25,1.87%
25,966,903,93.48%,57,5.90%,6,0.62%
26,523,444,84.89%,75,14.34%,4,0.76%
27,908,791,87.11%,110,12.11%,7,0.77%
28,779,719,92.30%,56,7.19%,4,0.51%
29,348,309,88.79%,38,10.92%,1,0.29%
30,815,755,92.64%,53,6.50%,7,0.86%
31,794,743,93.58%,47,5.92%,4,0.50%
32,775,667,86.06%,98,12.65%,10,1.29%
33,351,299,85.19%,50,14.25%,2,0.57%
34,616,564,91.56%,51,8.28%,1,0.16%
35,939,866,92.23%,69,7.35%,4,0.43%
Total,"25,919","22,781",87.89%,"2,931",11.31%,207,0.80%
,,,,,,,
Ward 49,,,,,,,
Precinct,Total Voters,Kamala D. Harris & Tim Walz,%,Donald J. Trump & JD Vance,%,Robert F. Kennedy Jr. & Nicole Shanahan,%
1,1101,990,89.92%,102,9.26%,9,0.82%
2,1015,885,87.19%,116,11.43%,14,1.38%
3,1328,1170,88.10%,147,11.07%,11,0.83%
4,1357,1192,87.84%,147,10.83%,18,1.33%
5,1347,1212,89.98%,129,9.58%,6,0.45%
6,174,147,84.48%,24,13.79%,3,1.72%
7,1388,1180,85.01%,191,13.76%,17,1.22%
8,1472,1368,92.93%,88,5.98%,16,1.09%
9,1365,1189,87.11%,164,12.01%,12,0.88%
10,934,818,87.58%,106,11.35%,10,1.07%
11,1090,929,85.23%,148,13.58%,13,1.19%
12,1089,908,83.38%,168,15.43%,13,1.19%
13,1281,1096,85.56%,164,12.80%,21,1.64%
14,1429,1295,90.62%,123,8.61%,11,0.77%
15,1322,1173,88.73%,135,10.21%,14,1.06%
16,1243,1099,88.42%,135,10.86%,9,0.72%
17,1315,1177,89.51%,129,9.81%,9,0.68%
Total,"20,250","17,828",88.04%,"2,216",10.94%,206,1.02%
,,,,,,,
Ward 50,,,,,,,
Precinct,Total Voters,Kamala D. Harris & Tim Walz,%,Donald J. Trump & JD Vance,%,Robert F. Kennedy Jr. & Nicole Shanahan,%
1,830,253,30.48%,568,68.43%,9,1.08%
2,764,368,48.17%,391,51.18%,5,0.65%
3,617,299,48.46%,307,49.76%,11,1.78%
4,670,445,66.42%,214,31.94%,11,1.64%
5,1020,607,59.51%,397,38.92%,16,1.57%
6,422,338,80.09%,81,19.19%,3,0.71%
7,1057,899,85.05%,148,14.00%,10,0.95%
8,926,683,73.76%,217,23.43%,26,2.81%
9,231,122,52.81%,102,44.16%,7,3.03%
10,702,249,35.47%,446,63.53%,7,1.00%
11,845,193,22.84%,646,76.45%,6,0.71%
12,279,113,40.50%,162,58.06%,4,1.43%
13,928,587,63.25%,323,34.81%,18,1.94%
14,195,73,37.44%,117,60.00%,5,2.56%
15,847,568,67.06%,265,31.29%,14,1.65%
16,178,76,42.70%,101,56.74%,1,0.56%
17,512,280,54.69%,221,43.16%,11,2.15%
18,127,43,33.86%,84,66.14%,0,0.00%
19,441,261,59.18%,170,38.55%,10,2.27%
20,374,240,64.17%,126,33.69%,8,2.14%
21,840,571,67.98%,260,30.95%,9,1.07%
22,1065,313,29.39%,735,69.01%,17,1.60%
23,836,384,45.93%,439,52.51%,13,1.56%
24,1082,252,23.29%,826,76.34%,4,0.37%
25,207,119,57.49%,86,41.55%,2,0.97%
26,453,210,46.36%,240,52.98%,3,0.66%
27,190,96,50.53%,91,47.89%,3,1.58%
28,781,574,73.50%,201,25.74%,6,0.77%
Total,"17,419","9,216",52.91%,"7,964",45.72%,239,1.37%
